{
  "project_info": {
    "project_number": "239909609156",
    "firebase_url": "https://mistirino1-349f3.firebaseio.com",
    "project_id": "mistirino1-349f3",
    "storage_bucket": "mistirino1-349f3.appspot.com"
  },
  "client": [
    {
      "client_info": {
        "mobilesdk_app_id": "1:239909609156:android:6f0c4fd8c65b6bcb467391",
        "android_client_info": {
          "package_name": "com.example.mistiri"
        }
      },
      "oauth_client": [
        {
          "client_id": "239909609156-e2b93qverog8veqcnfeueojvttjnlp8n.apps.googleusercontent.com",
          "client_type": 1,
          "android_info": {
            "package_name": "com.example.mistiri",
            "certificate_hash": "6a555b61ecc566ab5fec30f9a1495a736fe05c23"
          }
        },
        {
          "client_id": "239909609156-egd8sgm43k07hor8p6e30pcejf5j8g80.apps.googleusercontent.com",
          "client_type": 3
        }
      ],
      "api_key": [
        {
          "current_key": "AIzaSyBaWDONTo7Lq5EQuF7lEbYyaLRHtfN6QAs"
        }
      ],
      "services": {
        "appinvite_service": {
          "other_platform_oauth_client": [
            {
              "client_id": "239909609156-egd8sgm43k07hor8p6e30pcejf5j8g80.apps.googleusercontent.com",
              "client_type": 3
            }
          ]
        }
      }
    }
  ],
  "configuration_version": "1"
}